id,object_name,type,domain,platform,size_gb,disposition,upstream,code,code_language,columns,legacy_platform,target,code_encoding,application,instance,database,schema,active,phi_pii,team
s1-0,OBJ_0,table,Underwriting,Oracle,1,remain,,,,,,,,,,,,,,
s1-1,OBJ_1,table,Underwriting,SQL Server,2,remain,,,,,,,,,,,,,,
s1-2,OBJ_2,table,Underwriting,Snowflake,3,remain,,,,,,,,,,,,,,
s1-3,OBJ_3,table,Underwriting,Postgres,4,remain,,,,,,,,,,,,,,
s1-4,OBJ_4,table,Underwriting,MongoDB,5,remain,,,,,,,,,,,,,,
s1-5,OBJ_5,table,Underwriting,SAP HANA,6,remain,,,,,,,,,,,,,,
s1-6,OBJ_6,table,Underwriting,Salesforce,7,remain,,,,,,,,,,,,,,
s1-7,OBJ_7,table,Underwriting,Kafka,8,remain,,,,,,,,,,,,,,
s1-8,OBJ_8,table,Underwriting,teradata,9,remain,,,,,,,,,,,,,,
s1-9,OBJ_9,table,Underwriting,Teradata,10,remain,,,,,,,,,,,,,,
s1-q,nightly_load,job,Underwriting,Informatica Cloud,,migrate,s1-0;s1-1,SELECT * FROM a JOIN b ON a.id=b.id,sql,,,,,,,,,,,
t-pol,POLICY,table,Claims,Oracle,,modernize,,,,"[{""name"":""policy_id"",""type"":""number""},{""name"":""holder_name"",""type"":""varchar""},{""name"":""premium"",""type"":""number""}]",,,,,,,,,,
t-clm,CLAIM,table,Claims,Oracle,,modernize,,,,claim_id:number;policy_id:number;amount:number;status:varchar,,,,,,,,,,
q-dbx,policy_load,job,Claims,Teradata,,migrate,t-pol;t-clm,"SELECT cust_id, ZEROIFNULL(bal) FROM edw.acct QUALIFY ROW_NUMBER() OVER (PARTITION BY cust_id ORDER BY ts DESC) = 1;",sql,,Teradata,Databricks,,,,,,,,
q-snf,orders_extract,query,Claims,Oracle,,migrate,t-clm,U0VMRUNUIGlkLCBOVkwodG90YWwsMCkgRlJPTSBvcmRlcnMgV0hFUkUgUk9XTlVNIDw9IDEwMDs=,sql,,Oracle,Snowflake,base64,,,,,,,
rpt-old,Legacy Claims Report,report,Claims,PowerBI,,retire,q-dbx,,,,,,,,,,,,,
h-1,T Ω ünïcode 表,table,Universal Life & Annuities,A Very Long Platform Name That Nobody Would Ever Configure,,remain,,,,,,,,,,,,,,
h-2,dup,view,Claims,,,,h-1,,,,,,,,,,,,,
,no id row,table,,,,,,,,,,,,,,,,,,
h-3,,,,,,,missing-a;missing-b,,,,,,,,,,,,,
bulk-0,BULK_0,table,Domain 0,Platform 0,,remain,,,,,,,,,,,,,,
bulk-1,BULK_1,table,Domain 1,Platform 1,,remain,bulk-0,,,,,,,,,,,,,
bulk-2,BULK_2,table,Domain 2,Platform 2,,remain,bulk-1,,,,,,,,,,,,,
bulk-3,BULK_3,table,Domain 3,Platform 3,,remain,bulk-2,,,,,,,,,,,,,
bulk-4,BULK_4,table,Domain 4,Platform 4,,remain,bulk-3,,,,,,,,,,,,,
bulk-5,BULK_5,table,Domain 5,Platform 5,,remain,bulk-4,,,,,,,,,,,,,
bulk-6,BULK_6,table,Domain 6,Platform 6,,remain,bulk-5,,,,,,,,,,,,,
bulk-7,BULK_7,table,Domain 7,Platform 7,,remain,bulk-6,,,,,,,,,,,,,
bulk-8,BULK_8,table,Domain 8,Platform 8,,remain,bulk-7,,,,,,,,,,,,,
bulk-9,BULK_9,table,Domain 9,Platform 0,,remain,bulk-8,,,,,,,,,,,,,
bulk-10,BULK_10,table,Domain 10,Platform 1,,remain,bulk-9,,,,,,,,,,,,,
bulk-11,BULK_11,table,Domain 11,Platform 2,,remain,bulk-10,,,,,,,,,,,,,
bulk-12,BULK_12,table,Domain 0,Platform 3,,remain,bulk-11,,,,,,,,,,,,,
bulk-13,BULK_13,table,Domain 1,Platform 4,,remain,bulk-12,,,,,,,,,,,,,
bulk-14,BULK_14,table,Domain 2,Platform 5,,remain,bulk-13,,,,,,,,,,,,,
bulk-15,BULK_15,table,Domain 3,Platform 6,,remain,bulk-14,,,,,,,,,,,,,
bulk-16,BULK_16,table,Domain 4,Platform 7,,remain,bulk-15,,,,,,,,,,,,,
bulk-17,BULK_17,table,Domain 5,Platform 8,,remain,bulk-16,,,,,,,,,,,,,
bulk-18,BULK_18,table,Domain 6,Platform 0,,remain,bulk-17,,,,,,,,,,,,,
bulk-19,BULK_19,table,Domain 7,Platform 1,,remain,bulk-18,,,,,,,,,,,,,
bulk-20,BULK_20,table,Domain 8,Platform 2,,remain,bulk-19,,,,,,,,,,,,,
bulk-21,BULK_21,table,Domain 9,Platform 3,,remain,bulk-20,,,,,,,,,,,,,
bulk-22,BULK_22,table,Domain 10,Platform 4,,remain,bulk-21,,,,,,,,,,,,,
bulk-23,BULK_23,table,Domain 11,Platform 5,,remain,bulk-22,,,,,,,,,,,,,
bulk-24,BULK_24,table,Domain 0,Platform 6,,remain,bulk-23,,,,,,,,,,,,,
bulk-25,BULK_25,table,Domain 1,Platform 7,,remain,bulk-24,,,,,,,,,,,,,
bulk-26,BULK_26,table,Domain 2,Platform 8,,remain,bulk-25,,,,,,,,,,,,,
bulk-27,BULK_27,table,Domain 3,Platform 0,,remain,bulk-26,,,,,,,,,,,,,
bulk-28,BULK_28,table,Domain 4,Platform 1,,remain,bulk-27,,,,,,,,,,,,,
bulk-29,BULK_29,table,Domain 5,Platform 2,,remain,bulk-28,,,,,,,,,,,,,
bulk-30,BULK_30,table,Domain 6,Platform 3,,remain,bulk-29,,,,,,,,,,,,,
bulk-31,BULK_31,table,Domain 7,Platform 4,,remain,bulk-30,,,,,,,,,,,,,
bulk-32,BULK_32,table,Domain 8,Platform 5,,remain,bulk-31,,,,,,,,,,,,,
bulk-33,BULK_33,table,Domain 9,Platform 6,,remain,bulk-32,,,,,,,,,,,,,
bulk-34,BULK_34,table,Domain 10,Platform 7,,remain,bulk-33,,,,,,,,,,,,,
bulk-35,BULK_35,table,Domain 11,Platform 8,,remain,bulk-34,,,,,,,,,,,,,
bulk-36,BULK_36,table,Domain 0,Platform 0,,remain,bulk-35,,,,,,,,,,,,,
bulk-37,BULK_37,table,Domain 1,Platform 1,,remain,bulk-36,,,,,,,,,,,,,
bulk-38,BULK_38,table,Domain 2,Platform 2,,remain,bulk-37,,,,,,,,,,,,,
bulk-39,BULK_39,table,Domain 3,Platform 3,,remain,bulk-38,,,,,,,,,,,,,
bulk-40,BULK_40,table,Domain 4,Platform 4,,remain,bulk-39,,,,,,,,,,,,,
bulk-41,BULK_41,table,Domain 5,Platform 5,,remain,bulk-40,,,,,,,,,,,,,
bulk-42,BULK_42,table,Domain 6,Platform 6,,remain,bulk-41,,,,,,,,,,,,,
bulk-43,BULK_43,table,Domain 7,Platform 7,,remain,bulk-42,,,,,,,,,,,,,
bulk-44,BULK_44,table,Domain 8,Platform 8,,remain,bulk-43,,,,,,,,,,,,,
bulk-45,BULK_45,table,Domain 9,Platform 0,,remain,bulk-44,,,,,,,,,,,,,
bulk-46,BULK_46,table,Domain 10,Platform 1,,remain,bulk-45,,,,,,,,,,,,,
bulk-47,BULK_47,table,Domain 11,Platform 2,,remain,bulk-46,,,,,,,,,,,,,
bulk-48,BULK_48,table,Domain 0,Platform 3,,remain,bulk-47,,,,,,,,,,,,,
bulk-49,BULK_49,table,Domain 1,Platform 4,,remain,bulk-48,,,,,,,,,,,,,
bulk-50,BULK_50,table,Domain 2,Platform 5,,remain,bulk-49,,,,,,,,,,,,,
bulk-51,BULK_51,table,Domain 3,Platform 6,,remain,bulk-50,,,,,,,,,,,,,
bulk-52,BULK_52,table,Domain 4,Platform 7,,remain,bulk-51,,,,,,,,,,,,,
bulk-53,BULK_53,table,Domain 5,Platform 8,,remain,bulk-52,,,,,,,,,,,,,
bulk-54,BULK_54,table,Domain 6,Platform 0,,remain,bulk-53,,,,,,,,,,,,,
bulk-55,BULK_55,table,Domain 7,Platform 1,,remain,bulk-54,,,,,,,,,,,,,
bulk-56,BULK_56,table,Domain 8,Platform 2,,remain,bulk-55,,,,,,,,,,,,,
bulk-57,BULK_57,table,Domain 9,Platform 3,,remain,bulk-56,,,,,,,,,,,,,
bulk-58,BULK_58,table,Domain 10,Platform 4,,remain,bulk-57,,,,,,,,,,,,,
bulk-59,BULK_59,table,Domain 11,Platform 5,,remain,bulk-58,,,,,,,,,,,,,
bulk-60,BULK_60,table,Domain 0,Platform 6,,remain,bulk-59,,,,,,,,,,,,,
bulk-61,BULK_61,table,Domain 1,Platform 7,,remain,bulk-60,,,,,,,,,,,,,
bulk-62,BULK_62,table,Domain 2,Platform 8,,remain,bulk-61,,,,,,,,,,,,,
bulk-63,BULK_63,table,Domain 3,Platform 0,,remain,bulk-62,,,,,,,,,,,,,
bulk-64,BULK_64,table,Domain 4,Platform 1,,remain,bulk-63,,,,,,,,,,,,,
bulk-65,BULK_65,table,Domain 5,Platform 2,,remain,bulk-64,,,,,,,,,,,,,
bulk-66,BULK_66,table,Domain 6,Platform 3,,remain,bulk-65,,,,,,,,,,,,,
bulk-67,BULK_67,table,Domain 7,Platform 4,,remain,bulk-66,,,,,,,,,,,,,
bulk-68,BULK_68,table,Domain 8,Platform 5,,remain,bulk-67,,,,,,,,,,,,,
bulk-69,BULK_69,table,Domain 9,Platform 6,,remain,bulk-68,,,,,,,,,,,,,
bulk-70,BULK_70,table,Domain 10,Platform 7,,remain,bulk-69,,,,,,,,,,,,,
bulk-71,BULK_71,table,Domain 11,Platform 8,,remain,bulk-70,,,,,,,,,,,,,
bulk-72,BULK_72,table,Domain 0,Platform 0,,remain,bulk-71,,,,,,,,,,,,,
bulk-73,BULK_73,table,Domain 1,Platform 1,,remain,bulk-72,,,,,,,,,,,,,
bulk-74,BULK_74,table,Domain 2,Platform 2,,remain,bulk-73,,,,,,,,,,,,,
bulk-75,BULK_75,table,Domain 3,Platform 3,,remain,bulk-74,,,,,,,,,,,,,
bulk-76,BULK_76,table,Domain 4,Platform 4,,remain,bulk-75,,,,,,,,,,,,,
bulk-77,BULK_77,table,Domain 5,Platform 5,,remain,bulk-76,,,,,,,,,,,,,
bulk-78,BULK_78,table,Domain 6,Platform 6,,remain,bulk-77,,,,,,,,,,,,,
bulk-79,BULK_79,table,Domain 7,Platform 7,,remain,bulk-78,,,,,,,,,,,,,
bulk-80,BULK_80,table,Domain 8,Platform 8,,remain,bulk-79,,,,,,,,,,,,,
bulk-81,BULK_81,table,Domain 9,Platform 0,,remain,bulk-80,,,,,,,,,,,,,
bulk-82,BULK_82,table,Domain 10,Platform 1,,remain,bulk-81,,,,,,,,,,,,,
bulk-83,BULK_83,table,Domain 11,Platform 2,,remain,bulk-82,,,,,,,,,,,,,
bulk-84,BULK_84,table,Domain 0,Platform 3,,remain,bulk-83,,,,,,,,,,,,,
bulk-85,BULK_85,table,Domain 1,Platform 4,,remain,bulk-84,,,,,,,,,,,,,
bulk-86,BULK_86,table,Domain 2,Platform 5,,remain,bulk-85,,,,,,,,,,,,,
bulk-87,BULK_87,table,Domain 3,Platform 6,,remain,bulk-86,,,,,,,,,,,,,
bulk-88,BULK_88,table,Domain 4,Platform 7,,remain,bulk-87,,,,,,,,,,,,,
bulk-89,BULK_89,table,Domain 5,Platform 8,,remain,bulk-88,,,,,,,,,,,,,
bulk-90,BULK_90,table,Domain 6,Platform 0,,remain,bulk-89,,,,,,,,,,,,,
bulk-91,BULK_91,table,Domain 7,Platform 1,,remain,bulk-90,,,,,,,,,,,,,
bulk-92,BULK_92,table,Domain 8,Platform 2,,remain,bulk-91,,,,,,,,,,,,,
bulk-93,BULK_93,table,Domain 9,Platform 3,,remain,bulk-92,,,,,,,,,,,,,
bulk-94,BULK_94,table,Domain 10,Platform 4,,remain,bulk-93,,,,,,,,,,,,,
bulk-95,BULK_95,table,Domain 11,Platform 5,,remain,bulk-94,,,,,,,,,,,,,
bulk-96,BULK_96,table,Domain 0,Platform 6,,remain,bulk-95,,,,,,,,,,,,,
bulk-97,BULK_97,table,Domain 1,Platform 7,,remain,bulk-96,,,,,,,,,,,,,
bulk-98,BULK_98,table,Domain 2,Platform 8,,remain,bulk-97,,,,,,,,,,,,,
bulk-99,BULK_99,table,Domain 3,Platform 0,,remain,bulk-98,,,,,,,,,,,,,
bulk-100,BULK_100,table,Domain 4,Platform 1,,remain,bulk-99,,,,,,,,,,,,,
bulk-101,BULK_101,table,Domain 5,Platform 2,,remain,bulk-100,,,,,,,,,,,,,
bulk-102,BULK_102,table,Domain 6,Platform 3,,remain,bulk-101,,,,,,,,,,,,,
bulk-103,BULK_103,table,Domain 7,Platform 4,,remain,bulk-102,,,,,,,,,,,,,
bulk-104,BULK_104,table,Domain 8,Platform 5,,remain,bulk-103,,,,,,,,,,,,,
bulk-105,BULK_105,table,Domain 9,Platform 6,,remain,bulk-104,,,,,,,,,,,,,
bulk-106,BULK_106,table,Domain 10,Platform 7,,remain,bulk-105,,,,,,,,,,,,,
bulk-107,BULK_107,table,Domain 11,Platform 8,,remain,bulk-106,,,,,,,,,,,,,
bulk-108,BULK_108,table,Domain 0,Platform 0,,remain,bulk-107,,,,,,,,,,,,,
bulk-109,BULK_109,table,Domain 1,Platform 1,,remain,bulk-108,,,,,,,,,,,,,
bulk-110,BULK_110,table,Domain 2,Platform 2,,remain,bulk-109,,,,,,,,,,,,,
bulk-111,BULK_111,table,Domain 3,Platform 3,,remain,bulk-110,,,,,,,,,,,,,
bulk-112,BULK_112,table,Domain 4,Platform 4,,remain,bulk-111,,,,,,,,,,,,,
bulk-113,BULK_113,table,Domain 5,Platform 5,,remain,bulk-112,,,,,,,,,,,,,
bulk-114,BULK_114,table,Domain 6,Platform 6,,remain,bulk-113,,,,,,,,,,,,,
bulk-115,BULK_115,table,Domain 7,Platform 7,,remain,bulk-114,,,,,,,,,,,,,
bulk-116,BULK_116,table,Domain 8,Platform 8,,remain,bulk-115,,,,,,,,,,,,,
bulk-117,BULK_117,table,Domain 9,Platform 0,,remain,bulk-116,,,,,,,,,,,,,
bulk-118,BULK_118,table,Domain 10,Platform 1,,remain,bulk-117,,,,,,,,,,,,,
bulk-119,BULK_119,table,Domain 11,Platform 2,,remain,bulk-118,,,,,,,,,,,,,
bulk-120,BULK_120,table,Domain 0,Platform 3,,remain,bulk-119,,,,,,,,,,,,,
bulk-121,BULK_121,table,Domain 1,Platform 4,,remain,bulk-120,,,,,,,,,,,,,
bulk-122,BULK_122,table,Domain 2,Platform 5,,remain,bulk-121,,,,,,,,,,,,,
bulk-123,BULK_123,table,Domain 3,Platform 6,,remain,bulk-122,,,,,,,,,,,,,
bulk-124,BULK_124,table,Domain 4,Platform 7,,remain,bulk-123,,,,,,,,,,,,,
bulk-125,BULK_125,table,Domain 5,Platform 8,,remain,bulk-124,,,,,,,,,,,,,
bulk-126,BULK_126,table,Domain 6,Platform 0,,remain,bulk-125,,,,,,,,,,,,,
bulk-127,BULK_127,table,Domain 7,Platform 1,,remain,bulk-126,,,,,,,,,,,,,
bulk-128,BULK_128,table,Domain 8,Platform 2,,remain,bulk-127,,,,,,,,,,,,,
bulk-129,BULK_129,table,Domain 9,Platform 3,,remain,bulk-128,,,,,,,,,,,,,
bulk-130,BULK_130,table,Domain 10,Platform 4,,remain,bulk-129,,,,,,,,,,,,,
bulk-131,BULK_131,table,Domain 11,Platform 5,,remain,bulk-130,,,,,,,,,,,,,
bulk-132,BULK_132,table,Domain 0,Platform 6,,remain,bulk-131,,,,,,,,,,,,,
bulk-133,BULK_133,table,Domain 1,Platform 7,,remain,bulk-132,,,,,,,,,,,,,
bulk-134,BULK_134,table,Domain 2,Platform 8,,remain,bulk-133,,,,,,,,,,,,,
bulk-135,BULK_135,table,Domain 3,Platform 0,,remain,bulk-134,,,,,,,,,,,,,
bulk-136,BULK_136,table,Domain 4,Platform 1,,remain,bulk-135,,,,,,,,,,,,,
bulk-137,BULK_137,table,Domain 5,Platform 2,,remain,bulk-136,,,,,,,,,,,,,
bulk-138,BULK_138,table,Domain 6,Platform 3,,remain,bulk-137,,,,,,,,,,,,,
bulk-139,BULK_139,table,Domain 7,Platform 4,,remain,bulk-138,,,,,,,,,,,,,
bulk-140,BULK_140,table,Domain 8,Platform 5,,remain,bulk-139,,,,,,,,,,,,,
bulk-141,BULK_141,table,Domain 9,Platform 6,,remain,bulk-140,,,,,,,,,,,,,
bulk-142,BULK_142,table,Domain 10,Platform 7,,remain,bulk-141,,,,,,,,,,,,,
bulk-143,BULK_143,table,Domain 11,Platform 8,,remain,bulk-142,,,,,,,,,,,,,
bulk-144,BULK_144,table,Domain 0,Platform 0,,remain,bulk-143,,,,,,,,,,,,,
bulk-145,BULK_145,table,Domain 1,Platform 1,,remain,bulk-144,,,,,,,,,,,,,
bulk-146,BULK_146,table,Domain 2,Platform 2,,remain,bulk-145,,,,,,,,,,,,,
bulk-147,BULK_147,table,Domain 3,Platform 3,,remain,bulk-146,,,,,,,,,,,,,
bulk-148,BULK_148,table,Domain 4,Platform 4,,remain,bulk-147,,,,,,,,,,,,,
bulk-149,BULK_149,table,Domain 5,Platform 5,,remain,bulk-148,,,,,,,,,,,,,
cust,CUSTOMER,table,Customer,Teradata,2.1,modernize,,,,"[{""name"":""cust_id"",""type"":""integer""},{""name"":""full_name"",""type"":""varchar""},{""name"":""email"",""type"":""varchar""}]",,,,EDW,TDPROD01,EDW,EDW,Y,Y,CDM
acct,ACCOUNT,table,Customer,Teradata,3.4,modernize,,,,acct_id:integer;cust_id:integer;balance:decimal,,,,EDW,TDPROD01,EDW,EDW,Y,,CDM
q-extract,cust_extract_job,job,Customer,Teradata,,migrate,cust;acct,"CREATE MULTISET TABLE edw.cust_extract AS (
  SELECT c.cust_id, c.full_name, ZEROIFNULL(a.balance) AS balance
  FROM edw.customer c
  LEFT JOIN edw.account a ON a.cust_id = c.cust_id
  QUALIFY ROW_NUMBER() OVER (PARTITION BY c.cust_id ORDER BY a.updated_at DESC) = 1
) WITH DATA PRIMARY INDEX (cust_id);",sql,,Teradata,Databricks,,EDW,TDPROD01,,,,,ETL
q-top10,top_regions_query,query,Sales,Teradata,,migrate,acct,U0VMRUNUIHJlZ2lvbiwgU1VNKGFtb3VudCkgQVMgdG90YWwKRlJPTSBlZHcub3JkZXJzCkdST1VQIEJZIHJlZ2lvbgpRVUFMSUZZIFJBTksoKSBPVkVSIChPUkRFUiBCWSB0b3RhbCBERVNDKSA8PSAxMDsK,sql,,Teradata,Databricks,base64,,,,,,,
rpt-cust,Customer Health Report,dashboard,Customer,PowerBI,,retire,q-extract,,,"[{""name"":""cust_id"",""type"":""integer""},{""name"":""balance"",""type"":""decimal""}]",,,,,,,,N,,
vw-cust,V_CUSTOMER_360,view,Customer,Teradata,,migrate,cust;acct;ghost-table,,,,,,,,,,,,,
mystery,LEGACY_THING,,Finance,,,,,,,,,,,,,,,,,
